<?xml version="1.0" ?>
<LOG_ROOT>
	<PROJECT NAME="SDRAM_CONTROL">
		<CBX_INST_ENTRY INSTANCE_NAME="|SDRAM_CONTROL|Sdram_Control:u1|Sdram_RD_FIFO:u_read_fifo|dcfifo:dcfifo_component" CBX_FILE_NAME="dcfifo_dkp1.tdf"/>
		<CBX_INST_ENTRY INSTANCE_NAME="|SDRAM_CONTROL|sld_signaltap:auto_signaltap_0|sld_signaltap_impl:sld_signaltap_body|altdpram:\stp_non_zero_ram_gen:attribute_mem_gen:attribute_mem|lpm_mux:mux" CBX_FILE_NAME="mux_rsc.tdf"/>
		<CBX_INST_ENTRY INSTANCE_NAME="|SDRAM_CONTROL|sld_signaltap:auto_signaltap_0|sld_signaltap_impl:sld_signaltap_body|sld_offload_buffer_mgr:\stp_non_zero_depth_offload_gen:stp_offload_buff_mgr_inst|LPM_COUNTER:\adv_point_3_and_more:advance_pointer_counter" CBX_FILE_NAME="cntr_kgi.tdf"/>
		<CBX_INST_ENTRY INSTANCE_NAME="|SDRAM_CONTROL|sld_signaltap:auto_signaltap_0|sld_signaltap_impl:sld_signaltap_body|altdpram:\stp_non_zero_ram_gen:attribute_mem_gen:attribute_mem|lpm_decode:wdecoder" CBX_FILE_NAME="decode_dvf.tdf"/>
		<CBX_INST_ENTRY INSTANCE_NAME="|SDRAM_CONTROL|sld_signaltap:auto_signaltap_0|sld_signaltap_impl:sld_signaltap_body|altsyncram:\stp_non_zero_ram_gen:stp_buffer_ram" CBX_FILE_NAME="altsyncram_sn34.tdf"/>
		<CBX_INST_ENTRY INSTANCE_NAME="|SDRAM_CONTROL|sld_signaltap:auto_signaltap_0|sld_signaltap_impl:sld_signaltap_body|sld_offload_buffer_mgr:\stp_non_zero_depth_offload_gen:stp_offload_buff_mgr_inst|LPM_COUNTER:status_advance_pointer_counter" CBX_FILE_NAME="cntr_fgi.tdf"/>
		<CBX_INST_ENTRY INSTANCE_NAME="|SDRAM_CONTROL|sld_signaltap:auto_signaltap_0|sld_signaltap_impl:sld_signaltap_body|sld_offload_buffer_mgr:\stp_non_zero_depth_offload_gen:stp_offload_buff_mgr_inst|LPM_COUNTER:status_read_pointer_counter" CBX_FILE_NAME="cntr_23j.tdf"/>
		<CBX_INST_ENTRY INSTANCE_NAME="|SDRAM_CONTROL|Sdram_Control:u1|Sdram_PLL:u_sdram_pll|altpll:altpll_component" CBX_FILE_NAME="Sdram_PLL_altpll.v"/>
		<CBX_INST_ENTRY INSTANCE_NAME="|SDRAM_CONTROL|Sdram_Control:u1|Sdram_WR_FIFO:u_write_fifo|dcfifo:dcfifo_component" CBX_FILE_NAME="dcfifo_qjp1.tdf"/>
		<CBX_INST_ENTRY INSTANCE_NAME="|SDRAM_CONTROL|sld_signaltap:auto_signaltap_0|sld_signaltap_impl:sld_signaltap_body|sld_offload_buffer_mgr:\stp_non_zero_depth_offload_gen:stp_offload_buff_mgr_inst|LPM_COUNTER:read_pointer_counter" CBX_FILE_NAME="cntr_g9j.tdf"/>
	</PROJECT>
</LOG_ROOT>
