<?xml version="1.0" encoding="UTF-8"?>
<preferences>
 <debug showDebugMenu="0" />
 <systemtable filter="Default">
  <columns>
   <connections preferredWidth="95" />
   <irq preferredWidth="34" />
   <inputclock preferredWidth="162" />
   <name preferredWidth="199" />
  </columns>
 </systemtable>
 <clocktable>
  <columns>
   <clockname preferredWidth="290" />
   <clocksource preferredWidth="290" />
   <frequency preferredWidth="274" />
  </columns>
 </clocktable>
 <library expandedCategories="Library,Project" />
 <window width="1162" height="715" x="234" y="169" />
</preferences>
