<?xml version="1.0" encoding="UTF-8"?>
<preferences>
 <debug showDebugMenu="0" />
 <systemtable>
  <columns>
   <connections preferredWidth="79" />
   <irq preferredWidth="34" />
  </columns>
 </systemtable>
 <clocktable>
  <columns>
   <clockname preferredWidth="333" />
   <clocksource preferredWidth="333" />
   <frequency preferredWidth="314" />
  </columns>
 </clocktable>
 <window width="1288" height="1002" x="-4" y="-4" />
 <library
   expandedCategories="Library/Memories and Memory Controllers,Library/Peripherals/Debug and Performance,Library,Library/Peripherals,Library/Processors,Project,Library/Interface Protocols,Library/Peripherals/Microcontroller Peripherals,Library/Interface Protocols/Serial,Library/Memories and Memory Controllers/On-Chip" />
</preferences>
